name,ori_price,disc_price,disc,region,platforms,review,img,link
Grand Theft Auto V Enhanced (PC) Rockstar Games Launcher Key GLOBAL,"Rp 188.584,55",,,Global,Rockstar Games Launcher,5121,https://imgproxy.eneba.games/rx3qzhF6ncw4ymmSaHvKTh3E3Dmbckfa66VoS6IEtW0/rs:fit:300/ar:1/czM6Ly9wcm9kdWN0/cy5lbmViYS5nYW1l/cy9wcm9kdWN0cy9V/MUFTVl9qNEhHdzVJ/WThtV0lwVXN4dmdU/NXl5VnpCR0dHRkdV/NzJqMWxvLmpwZw,/id-id/rockstar-social-club-grand-theft-auto-v-enhanced-pc-rockstar-games-launcher-key-global
Minecraft: Java & Bedrock Edition (PC) Official website Key GLOBAL,"Rp 594.403,74","Rp 265.714,84",-55%,Global,Windows Store,99607,https://imgproxy.eneba.games/HFctKs2s7yb7zhAs0t_IixbCiF7Ewpe_gj15SCBhQMY/rs:fit:300/ar:1/czM6Ly9wcm9kdWN0/cy5lbmViYS5nYW1l/cy9wcm9kdWN0cy93/NV9aR2wxaHJ2Unpu/THpTVlhUZW4yUjlZ/eE5SRkd3M0JZUk5Q/UlRQejJFLnBuZw,/id-id/other-minecraft-java-bedrock-edition-pc-official-website-key-global
Grand Theft Auto V: Premium Online Edition Rockstar Games Launcher Key GLOBAL,"Rp 600.990,61","Rp 188.584,55",-69%,Global,Rockstar Games Launcher,140494,https://imgproxy.eneba.games/TXXnT0z8tVRmLfaLrcvbsHFCyN0qK_AADSdEHPl_Bog/rs:fit:300/ar:1/czM6Ly9wcm9kdWN0/cy5lbmViYS5nYW1l/cy9wcm9kdWN0cy9t/S2xCenNtRmZweTRT/aW9oWVp1MHd4ZzdT/NWpWWmItX0lGN0Q5/Z0VzVmhFLmpwZWc,/id-id/rockstar-social-club-rockstar-social-club-grand-theft-auto-v-premium-online-edition-rockstar-games-launcher-key-global
Minecraft: Java & Bedrock Edition (PC) Windows Store Key GLOBAL,"Rp 264.531,26",,,Global,Windows Store,25031,https://imgproxy.eneba.games/HFctKs2s7yb7zhAs0t_IixbCiF7Ewpe_gj15SCBhQMY/rs:fit:300/ar:1/czM6Ly9wcm9kdWN0/cy5lbmViYS5nYW1l/cy9wcm9kdWN0cy93/NV9aR2wxaHJ2Unpu/THpTVlhUZW4yUjlZ/eE5SRkd3M0JZUk5Q/UlRQejJFLnBuZw,/id-id/windows-store-minecraft-java-bedrock-edition-pc-windows-store-key-global
Red Dead Redemption 2 Rockstar Games Launcher Key GLOBAL,"Rp 1.202.582,61","Rp 236.125,22",-80%,Global,Rockstar Games Launcher,27381,https://imgproxy.eneba.games/5KH5PbydU4nJtjaRRk0gcH66cO7QPLdfQy9kGnid5k4/rs:fit:300/ar:1/czM6Ly9wcm9kdWN0/cy5lbmViYS5nYW1l/cy9wcm9kdWN0cy9n/SkpWQXdzMkNGeklr/RnQyQUZLLU45em9T/SjZYOE8xTklBUUI5/bkZIQnpVLmpwZWc,/id-id/rockstar-social-club-red-dead-redemption-2-pc-rockstar-key-global
Days Gone Steam Key GLOBAL,"Rp 579.000,00","Rp 219.949,56",-62%,Global,Steam,26292,https://imgproxy.eneba.games/HoaxYHRm2y_YKu7YBRY2Q7fN6Wbqf7huXBPvaDTXd60/rs:fit:300/ar:1/czM6Ly9wcm9kdWN0/cy5lbmViYS5nYW1l/cy9wcm9kdWN0cy9i/d0Y5NlM2SW1iTC00/bDlnUnlvOE52ZC1v/V2NiR0l0V3lmYU1D/XzBBN3NrLmpwZWc,/id-id/steam-days-gone-steam-key-global
The Great Ace Attorney Chronicles Steam Key GLOBAL,"Rp 519.000,00","Rp 192.135,31",-63%,Global,Steam,1891,https://imgproxy.eneba.games/NOrFk7Uk4oS6LUA9P7-lTsGIy2n7O91kfvS8gb_6zoY/rs:fit:300/ar:1/czM6Ly9wcm9kdWN0/cy5lbmViYS5nYW1l/cy9wcm9kdWN0cy81/OGJ1bmRaVHZlNEtn/STNyLXhpMzdYZlg5/TEdkbW5VRU4tY2pP/MEY0OTFRLmpwZWc,/id-id/steam-the-great-ace-attorney-chronicles-steam-key-global
1 Random Steam key - RED - Steam Key GLOBAL,"Rp 90.741,52",,,Global,Random Steam Key,3546,https://imgproxy.eneba.games/6iBi9em8s8MXJ0QvOe1YAacLYBAKAwiG9lfibZPdA_s/rs:fit:300/ar:1/czM6Ly9wcm9kdWN0/cy5lbmViYS5nYW1l/cy9wcm9kdWN0cy9W/RzNONEtlN0NBNnot/U0VYTHBYR3l1V2lo/aGhSOEpUWGlPdldT/RVplcWM4LmpwZw,/id-id/steam-1-random-steam-key-red-steam-key-global
Project Zomboid Steam Gift GLOBAL,"Rp 389.272,75","Rp 100.604,73",-74%,Global,Steam Gift,4218,https://imgproxy.eneba.games/3QpOeUJy9V_krSnOa3d8lWhc1KvPo67iRTfMMw9knRE/rs:fit:300/ar:1/czM6Ly9wcm9kdWN0/cy5lbmViYS5nYW1l/cy9wcm9kdWN0cy9p/V3kzOVp1cThUTTN1/eWFGQ2wwU2c0U29L/U2dIYTdwdC0xV0ly/VF9Kd3RzLmpwZw,/id-id/steam-gift-project-zomboid-steam-gift-global
Ready or Not Steam Key (PC) GLOBAL,"Rp 373.026,56",,,Global,Steam,10198,https://products.eneba.games/resized-products/Q0xfusyYHwCtr4fsF-lpP2TrjnGQz8PG5M_8gVG2Hh4_350x200_1x-0.jpg,/id-id/steam-ready-or-not-pc-steam-key-global
Fallout 76 - Windows 10 Store Key GLOBAL,"Rp 796.581,73","Rp 10.849,53",-99%,Global,Windows Store,5518,https://imgproxy.eneba.games/V86QsXLhLRc1B3F880s0dJnxh9dQ9hRgdqibTT1d_GE/rs:fit:300/ar:1/czM6Ly9wcm9kdWN0/cy5lbmViYS5nYW1l/cy9wcm9kdWN0cy9J/bHNmQWlxQ3hPQ2NV/azh3WWZXWFZDTnB0/UnAxS0NYU1BjTVN0/b2ZFUTJJLmpwZWc,/id-id/windows-store-fallout-76-windows-10-store-key-global
Sonic Frontiers (PC) Steam Key GLOBAL,"Rp 530.000,00","Rp 84.823,60",-84%,Global,Steam,5268,https://imgproxy.eneba.games/oWVdnb61URgCHVUWp2ecbxcF8X16cGIDRLztrIH_1l8/rs:fit:300/ar:1/czM6Ly9wcm9kdWN0/cy5lbmViYS5nYW1l/cy9wcm9kdWN0cy9f/U1FlcDd2a1dqMGFj/d2hIYS1hLWtCcTlW/eVQtVDJ5aXdjS3Mt/cWhGY25FLmpwZw,/id-id/steam-sonic-frontiers-pc-steam-key-global
1 Random Steam key - YELLOW - Steam Key GLOBAL,"Rp 56.023,03",,,Global,Random Steam Key,672,https://imgproxy.eneba.games/0p5k00domasRHpmwOedTfUpYDzyZyUtc1oTYf40jr6I/rs:fit:300/ar:1/czM6Ly9wcm9kdWN0/cy5lbmViYS5nYW1l/cy9wcm9kdWN0cy9B/d2ZPNEtuT1pJNUhE/OTJIdUNDdWtnTHVz/Q19COGFBV2dPdDZX/VmVvc2U4LmpwZw,/id-id/steam-1-random-steam-key-yellow-steam-key-global
HELLDIVERS 2 Steam Key (PC) GLOBAL,"Rp 579.000,00","Rp 484.480,81",-16%,Global,Steam,11986,https://imgproxy.eneba.games/xPe5TSQW7oUe1sSch2sRlzlHrK4NFhkWyYDVtUsN1uk/rs:fit:300/ar:1/czM6Ly9wcm9kdWN0/cy5lbmViYS5nYW1l/cy9wcm9kdWN0cy9i/WFJVVWJsWEtSLUJs/WG5TSXNVVlItanJK/MWxuQ1NHQTlxZ2JM/aDVMMTBZLmpwZw,/id-id/steam-helldivers-2-pc-steam-key-global
Mortal Kombat XL Steam Key GLOBAL,"Rp 387.483,05","Rp 37.480,19",-90%,Global,Steam,15925,https://imgproxy.eneba.games/qmGE1RGUpYiVK2Nde4XsLk7d8p1p536PNR33msS2wLA/rs:fit:300/ar:1/czM6Ly9wcm9kdWN0/cy5lbmViYS5nYW1l/cy9wcm9kdWN0cy9M/OG55dk5yLmpwZw,/id-id/steam-mortal-kombat-xl-steam-key-global
Injustice: Gods Among Us (Ultimate Edition) (PC) Steam Key GLOBAL,"Rp 135.999,00","Rp 12.624,91",-91%,Global,Steam,8602,https://imgproxy.eneba.games/TQ23T01rA-jt09ZuaFf8RbX7fcaoaX3HAxduMx1-PI8/rs:fit:300/ar:1/czM6Ly9wcm9kdWN0/cy5lbmViYS5nYW1l/cy9wcm9kdWN0cy9h/YmVkbnRobzBzcnJ2/aWpwdHByYy5qcGc,/id-id/steam-injustice-gods-among-us-ultimate-edition-pc-steam-key-global
The Witcher 3: Wild Hunt GOTY GOG.com Key GLOBAL,"Rp 993.469,21","Rp 201.012,19",-80%,Global,GOG.com,4858,https://imgproxy.eneba.games/JJbQgttxLM5PJ1mkXwECcPMhDlQS8tEkDSs6e9PdajE/rs:fit:300/ar:1/czM6Ly9wcm9kdWN0/cy5lbmViYS5nYW1l/cy9wcm9kdWN0cy9o/cnZ1aXpMLmpwZw,/id-id/gog-the-witcher-3-wild-hunt-goty-gog-com-key-global
DAVE THE DIVER (PC) Steam Key GLOBAL,"Rp 165.999,00","Rp 139.268,51",-16%,Global,Steam,4620,https://imgproxy.eneba.games/WWP7yg5fG-7waq-TJIh_9rX3l4RCq5JXIPGgu_dDeuU/rs:fit:300/ar:1/czM6Ly9wcm9kdWN0/cy5lbmViYS5nYW1l/cy9wcm9kdWN0cy9B/RnBwWG1HNkxqWVhL/WHN1dDJzbHJfV2ZN/NkM4bjV3WGtueDQ1/RWxXd1RnLmpwZw,/id-id/steam-dave-the-diver-pc-steam-key-global
Dragon Quest Builders 2 Steam Key GLOBAL,"Rp 650.000,00","Rp 416.424,67",-36%,Global,Steam,850,https://imgproxy.eneba.games/4bAhTfl_WbZk243uZxJpITcKrf4n2HBCOfP_S3NwfmE/rs:fit:300/ar:1/czM6Ly9wcm9kdWN0/cy5lbmViYS5nYW1l/cy9wcm9kdWN0cy9s/OHZDQVYxb05XMGY3/MU5RRkRkUGNJX1J6/RUZ5U2h2SUY0Zmpp/dFVqQnZvLmpwZWc,/id-id/steam-dragon-quest-builders-2-steam-key-global
I Am Fish (PC) Steam Key GLOBAL,"Rp 125.999,00","Rp 32.154,06",-74%,Global,Steam,2672,https://imgproxy.eneba.games/ZR8JlgOcG0gzprBOa3m2sGUSAyqjT4ftJYNUFROOC30/rs:fit:300/ar:1/czM6Ly9wcm9kdWN0/cy5lbmViYS5nYW1l/cy9wcm9kdWN0cy9y/MWc3cXNISWdTTnFW/SXNmRjFKZ3Z4c1Vf/bzBFQzQyOGRXa3Rw/anJKRVZZLmpwZWc,/id-id/steam-i-am-fish-pc-steam-key-global
Knights of Honor II: Sovereign (PC) Steam Key GLOBAL,"Rp 399.000,00","Rp 40.439,16",-90%,Global,Steam,832,https://imgproxy.eneba.games/9O_IZu4tIYLYJnptZm3Rhpo4C26_Mr-MSUrLGQXcdwo/rs:fit:300/ar:1/czM6Ly9wcm9kdWN0/cy5lbmViYS5nYW1l/cy9wcm9kdWN0cy96/RkJwUE5OdVRJTU5J/eWNVSm1mRzRacDV3/RVRwSjZabF8tWWJS/Zzg4N09JLmpwZw,/id-id/steam-knights-of-honor-ii-sovereign-pc-steam-key-global
Let's School (PC) Steam Key GLOBAL,"Rp 165.999,00","Rp 18.740,10",-89%,Global,Steam,645,https://imgproxy.eneba.games/0X3CBbol-qQz95R2iDoVEjTgPTn_W_tt4Kd-WMpPl9U/rs:fit:300/ar:1/czM6Ly9wcm9kdWN0/cy5lbmViYS5nYW1l/cy9wcm9kdWN0cy9z/SzFYTjRndHFQU2x0/MndpU01ONnVCU29V/c2g3QVgxb0pobFNx/QmpSZHNNLnBuZw,/id-id/steam-lets-school-pc-steam-key-global
Baby Shark™: Sing & Swim Party (PC) Steam Key GLOBAL,"Rp 299.999,00","Rp 16.771,48",-94%,Global,Steam,236,https://imgproxy.eneba.games/pK6oT0hT1Pkma3CxRWxYBs745-rrSayOq_xvFWF27hs/rs:fit:300/ar:1/czM6Ly9wcm9kdWN0/cy5lbmViYS5nYW1l/cy9wcm9kdWN0cy90/aXAxdm9TcXdvZW1Y/N0ZUM0RKZDBFckVm/am5zOUVCQ0VDWXJj/SXMwcFNzLmpwZw,/id-id/steam-baby-sharktm-sing-swim-party-pc-steam-key-global
FATAL FRAME / PROJECT ZERO: Maiden of Black Water (PC) Steam Key GLOBAL,"Rp 580.000,00","Rp 373.815,61",-36%,Global,Steam,2481,https://imgproxy.eneba.games/QMURbO4OUZ0CNlbTEJvUrLjc8VRoCwkexyrmfJ5t18o/rs:fit:300/ar:1/czM6Ly9wcm9kdWN0/cy5lbmViYS5nYW1l/cy9wcm9kdWN0cy9x/OGc5OFk5dVFRLUhC/UllJY2E5NXRzakgx/eFdzTTFSaDYxNTFo/M2JQZ05zLmpwZWc,/id-id/steam-fatal-frame-project-zero-maiden-of-black-water-pc-steam-key-global
Middle-earth: Shadow of Mordor (GOTY) Steam Key GLOBAL,"Rp 387.339,34","Rp 42.609,06",-89%,Global,Steam,9192,https://imgproxy.eneba.games/Oyq-kpULpl7L36LAg3obPrPNSoh1RCvvATCqcYruzHU/rs:fit:300/ar:1/czM6Ly9wcm9kdWN0/cy5lbmViYS5nYW1l/cy9wcm9kdWN0cy9N/aWRkbGUtZWFydGg6/IFNoYWRvdyBvZiBN/b3Jkb3IuanBn,/id-id/steam-middle-earth-shadow-of-mordor-goty-steam-key-global
Middle-earth: Shadow of War (Definitive Edition) Steam Key GLOBAL,"Rp 775.052,39","Rp 43.200,85",-94%,Global,Steam,11662,https://imgproxy.eneba.games/GuS7fiMEJ2FZZ1tSwDDkjQcZ-noRcnpP_3YprZ77f7E/rs:fit:300/ar:1/czM6Ly9wcm9kdWN0/cy5lbmViYS5nYW1l/cy9wcm9kdWN0cy9I/bVMySGY3cnBPdnpH/SWJsaFpvT2hlYVcw/bWJuZi1zUFEwanlU/dk0yUUJBLmpwZWc,/id-id/steam-middle-earth-shadow-of-war-definitive-edition-steam-key-global
Assetto Corsa (Ultimate Edition) Steam Key GLOBAL,"Rp 793.257,67","Rp 225.867,48",-72%,Global,Steam,5590,https://imgproxy.eneba.games/jf4FTqHisQbMat5S1mNbtQHG0viK83r2vJSfEIV8CsU/rs:fit:300/ar:1/czM6Ly9wcm9kdWN0/cy5lbmViYS5nYW1l/cy9wcm9kdWN0cy9E/MXBVVU9uLmpwZw,/id-id/steam-assetto-corsa-ultimate-edition-steam-key-global
Hogwarts Legacy Deluxe Edition (PC) Steam Key GLOBAL,"Rp 1.381.279,91","Rp 154.457,85",-89%,Global,Steam,6304,https://imgproxy.eneba.games/wOqqyvgrT8U4UboFoQF2DXgJQ_VYPLEgOFvhTv1ALdI/rs:fit:300/ar:1/czM6Ly9wcm9kdWN0/cy5lbmViYS5nYW1l/cy9wcm9kdWN0cy8x/ZlMzTmF4MGh1elRH/WU1rRXVDbjJjWlZ6/NV81Q0lkbW1qZXFT/SmhHdjVnLmpwZw,/id-id/steam-hogwarts-legacy-deluxe-edition-pc-steam-key-global
7 Days to Die Steam Key GLOBAL,"Rp 338.999,00","Rp 280.115,13",-17%,Global,Steam,10629,https://imgproxy.eneba.games/cUB2MpDi8L--q3zh-Hw5tJwE7tbk6NIpq34j7viHXYM/rs:fit:300/ar:1/czM6Ly9wcm9kdWN0/cy5lbmViYS5nYW1l/cy9wcm9kdWN0cy83/IERheXMgdG8gRGll/LmpwZw,/id-id/steam-7-days-to-die-steam-key-global
"Warhammer 40,000: Space Marine 2 (PC) Steam Key GLOBAL","Rp 549.000,00","Rp 373.618,35",-32%,Global,Steam,6492,https://imgproxy.eneba.games/Tf0nPNGVCoxiZifXz8jCEoKkpkRCwSsUPe40jfgJkXo/rs:fit:300/ar:1/czM6Ly9wcm9kdWN0/cy5lbmViYS5nYW1l/cy9wcm9kdWN0cy9a/ZUxJa3FKMEtkeTY1/TEpISnY1SFNpLVZ3/QWZPTjRMSlpESnFo/U1J4UkM0LmpwZw,/id-id/steam-warhammer-40-000-space-marine-2-pc-steam-key-global
Lost Skies Steam (PC) Key GLOBAL,"Rp 206.999,00","Rp 14.400,28",-93%,Global,Steam,1391,https://imgproxy.eneba.games/-vH-tNEjiSH3f107P_9fmWig0X5vA9wBrlK-9BBXy2M/rs:fit:300/ar:1/czM6Ly9wcm9kdWN0/cy5lbmViYS5nYW1l/cy9wcm9kdWN0cy9P/amo3N2p0eUZpWVNS/T2N3NzRINFpBTUxJ/T1RycWN5Y3hRZ2dG/TlRILUt3LmpwZw,/id-id/steam-lost-skies-steam-pc-key-global
Settlement Survival (PC) Steam Key GLOBAL,"Rp 183.598,00","Rp 9.271,42",-95%,Global,Steam,968,https://imgproxy.eneba.games/frVCm7_rlkM4xx1oA0hXO6tea976jwsAcuD79AP8z8g/rs:fit:300/ar:1/czM6Ly9wcm9kdWN0/cy5lbmViYS5nYW1l/cy9wcm9kdWN0cy9C/V3JlNnJtdV9WZTFI/aEJsNExHSWVhSkNU/QmFDTEZ6UWxYS0lk/OXdSNW9ZLmpwZWc,/id-id/steam-settlement-survival-pc-steam-key-global
Mafia: Trilogy Steam Key GLOBAL,"Rp 1.162.675,50","Rp 142.424,73",-88%,Global,Steam,8211,https://imgproxy.eneba.games/yZuLnsnm3O7ZtenFI40Pjopb7ZY35ZkDmEU7g1T95lo/rs:fit:300/ar:1/czM6Ly9wcm9kdWN0/cy5lbmViYS5nYW1l/cy9wcm9kdWN0cy93/RWJnYUZJZVFwYnAt/NWFIZXVDdE1XSjM0/LXdlTmtpQlEwX2Vs/ODZyUXQ0LmpwZWc,/id-id/steam-mafia-trilogy-steam-key-global
Call of Duty: Modern Warfare 2 Campaign Remastered XBOX LIVE Key GLOBAL,"Rp 116.188,60",,,Global,Xbox Live,6067,https://imgproxy.eneba.games/y4aEWpZrIZJvN-gE-llMXf8dSnfCI7Y04UtY5p5-szE/rs:fit:300/ar:1/czM6Ly9wcm9kdWN0/cy5lbmViYS5nYW1l/cy9wcm9kdWN0cy9j/SEtnaExMbGplZ01q/c005V0tVYTN6U0hn/NVdZV19VUldNbS1R/a3R3N1AwLmpwZWc,/id-id/xbox-call-of-duty-modern-warfare-2-campaign-remastered-xbox-live-key-global
Dying Light Essentials Edition Steam (PC) Key GLOBAL,"Rp 54.839,44",,,Global,Steam,2223,https://imgproxy.eneba.games/oKnAUWVZcIESNKFp1FsiTSI0WdVUFYxvO1azoLmAZQY/rs:fit:300/ar:1/czM6Ly9wcm9kdWN0/cy5lbmViYS5nYW1l/cy9wcm9kdWN0cy9q/WGo4eUdkNnpfdjNF/VWZGbks2MjJhc1M1/bzZsVnJrSVNEa3hw/UWxsS3ZZLmpwZw,/id-id/steam-dying-light-essentials-edition-steam-pc-key-global
Sekiro: Shadows Die Twice (Xbox One) Xbox Live Key GLOBAL,"Rp 187.203,70",,,Global,Xbox Live,4219,https://imgproxy.eneba.games/_lRoxGevg4UbKM045qhAdkVcjQq04S2j0xGfY1pEjPk/rs:fit:300/ar:1/czM6Ly9wcm9kdWN0/cy5lbmViYS5nYW1l/cy9wcm9kdWN0cy9y/ZnFRaEd3cTJkWTR5/UVJRTTBYZFEzTTBS/RjA2R1JfTU5rX3Bs/V0UzN1pJLmpwZWc,/id-id/steam-sekiro-shadows-die-twice-xbox-one-xbox-live-key-global
LEGO Star Wars: The Skywalker Saga - Deluxe Edition (PC) Steam Key GLOBAL,"Rp 97.645,77",,,Global,Steam,3047,https://imgproxy.eneba.games/ScTnx_Vtt_HIn01rw7s_40lqiPbNK3n6qDzeAjeb2T8/rs:fit:300/ar:1/czM6Ly9wcm9kdWN0/cy5lbmViYS5nYW1l/cy9wcm9kdWN0cy9L/RGhpOG5sd1BIR3Jx/U2d5WmF2Q1VZN191/bnBGZUNlWW1SaGdr/ZUNYRnJ3LmpwZWc,/id-id/steam-lego-star-wars-the-skywalker-saga-deluxe-edition-pc-steam-key-global
Hollow Knight Steam Key GLOBAL,"Rp 145.778,23",,,Global,Steam,13801,https://imgproxy.eneba.games/AbaLDIifgZoTv5QFDMc0pU5a7emTcOicKEiN98yIrz0/rs:fit:300/ar:1/czM6Ly9wcm9kdWN0/cy5lbmViYS5nYW1l/cy9wcm9kdWN0cy9x/N2ktbXNpS0p3OEE3/M0llTEt0WXV3cHIw/aWx3NjJOV1NWUUlG/RDBHYkIwLmpwZWc,/id-id/steam-hollow-knight-steam-key-global
Little Nightmares II Deluxe Edition (PC) Steam Key GLOBAL,"Rp 93.108,69",,,Global,Steam,6718,https://imgproxy.eneba.games/2FcytrXmqdPJOuQRPmksS8alixhaTmX69LarNtOF76I/rs:fit:300/ar:1/czM6Ly9wcm9kdWN0/cy5lbmViYS5nYW1l/cy9wcm9kdWN0cy9X/QjhBd0xic3pGVUNs/Y0g0Y1JHVG95eFdo/T2s3SEV2MmZyZXBH/OG1YV1kwLmpwZWc,/id-id/steam-little-nightmares-ii-deluxe-edition-pc-steam-key-global
Little Nightmares (Complete Edition) Steam Key GLOBAL,"Rp 394.673,72","Rp 89.557,94",-77%,Global,Steam,5771,https://imgproxy.eneba.games/JGCv4NaAgvK_T9LV-zCBdwdgZL-TpDMOnN7dkOPsV1c/rs:fit:300/ar:1/czM6Ly9wcm9kdWN0/cy5lbmViYS5nYW1l/cy9wcm9kdWN0cy9o/bHVwNXNxendlazdq/Y2o3a3N6Yy5qcGc,/id-id/steam-little-nightmares-complete-edition-steam-key-global
Lies of P Steam Key (PC) GLOBAL,"Rp 870.000,00","Rp 353.497,40",-59%,Global,Steam,12773,https://imgproxy.eneba.games/otyu4QE_uHdLeeoze0DJ6lCfDw8c4Y2ZfaWoQdI-KMQ/rs:fit:300/ar:1/czM6Ly9wcm9kdWN0/cy5lbmViYS5nYW1l/cy9wcm9kdWN0cy9X/bXJNS28yMno0MUVp/ZkhqSkNNSGxwM0cx/cGgzVDlHWFNGNzBX/ZGVjaDRJLnBuZw,/id-id/steam-lies-of-p-pc-steam-key-global
Devil May Cry V Deluxe Edition + Playable Character: Vergil DLC (PC) Steam Key GLOBAL,"Rp 775.052,39","Rp 159.981,25",-79%,Global,Steam,5426,https://imgproxy.eneba.games/OveZDmDNPDJ6dCrpywjTwOsQJV4HRvO4_pX9nuInbNs/rs:fit:300/ar:1/czM6Ly9wcm9kdWN0/cy5lbmViYS5nYW1l/cy9wcm9kdWN0cy85/T0RXeGo5RjI5T0x1/UU1BZF9YUDNoTTdQ/aE1CVUVMWDJoRDMz/XzhwZF93LmpwZWc,/id-id/steam-devil-may-cry-v-deluxe-edition-playable-character-vergil-dlc-pc-steam-key-global
Minecraft: Deluxe Collection XBOX LIVE Key GLOBAL,"Rp 317.398,06",,,Global,Xbox Live,2053,https://imgproxy.eneba.games/eMg2j0SPUCZ37b_P0DqLu7K9upHzph3-HaazeYwzaxs/rs:fit:300/ar:1/czM6Ly9wcm9kdWN0/cy5lbmViYS5nYW1l/cy9wcm9kdWN0cy82/U3llY2wxMTJWR3E5/N1ZMLVhKcTJZY0VH/SFNsUFRKVXBCX0o1/VzJsdndBLmpwZw,/id-id/xbox-minecraft-deluxe-collection-xbox-live-key-global
SteamWorld Build (PC) Steam Key GLOBAL,"Rp 140.000,00","Rp 11.638,59",-92%,Global,Steam,401,https://imgproxy.eneba.games/5dxC1wFj5kC_iWz9MHLdlhAqcUTlu11Xd1gij6pAInI/rs:fit:300/ar:1/czM6Ly9wcm9kdWN0/cy5lbmViYS5nYW1l/cy9wcm9kdWN0cy9z/NTJYSmlQODkyME9D/R2hJWHNHLUtjeFZw/cXpyTE9mMl80RUNu/UXY4WXRZLmpwZw,/id-id/steam-steamworld-build-pc-steam-key-global
Persona 5 Strikers Steam Key GLOBAL,"Rp 769.000,00","Rp 94.686,80",-88%,Global,Steam,6390,https://imgproxy.eneba.games/uehv8cvKr6CJjWHFQYRStyn0C8Ujzyc9VueM5_GD62A/rs:fit:300/ar:1/czM6Ly9wcm9kdWN0/cy5lbmViYS5nYW1l/cy9wcm9kdWN0cy9x/T1BrSjV2ZVZfalNM/SGE3N3kwdHBkMk03/SGd6ekZBYzNDTmxm/d1JQbU1FLmpwZWc,/id-id/steam-persona-5-strikers-steam-key-global
Forza Horizon 4 XBOX LIVE Key GLOBAL,"Rp 1.189.650,08","Rp 351.327,50",-70%,Global,Xbox Live,9476,https://imgproxy.eneba.games/aqus20N-jeJAiYff5VaPFlnlPKbENRCWJPcl0EAl0K0/rs:fit:300/ar:1/czM6Ly9wcm9kdWN0/cy5lbmViYS5nYW1l/cy9wcm9kdWN0cy9Y/b2lta3JCbkdzSjhq/cVQyRVlEc1kwU2tN/aVhxeDFKcmExSGc5/Wm1nT0tRLmpwZWc,/id-id/xbox-forza-horizon-4-xbox-live-key-global
Death Stranding Director's Cut (PC) Steam Key ROW,"Rp 539.999,00","Rp 139.071,24",-74%,Global,Steam,3561,https://imgproxy.eneba.games/4fiVFdBo4w7CyaEQsYq1zIdQB1XwNSs5vfNv8TZA9Jk/rs:fit:300/ar:1/czM6Ly9wcm9kdWN0/cy5lbmViYS5nYW1l/cy9wcm9kdWN0cy9t/ZzhKVTlwbzV1Y2lG/Z3B2X0MzRTQ2cU9U/ZkEydUw2VGl0TGNf/UV8zTVJBLmpwZWc,/id-id/steam-death-stranding-directors-cut-pc-steam-key-row
Kingdom Come: Deliverance Royal Edition XBOX LIVE Key GLOBAL,"Rp 137.098,60",,,Global,Xbox Live,645,https://imgproxy.eneba.games/YxerC3lbY3MF6xPmumAwFyC-R2xgzvjPVn-__JR_FE8/rs:fit:300/ar:1/czM6Ly9wcm9kdWN0/cy5lbmViYS5nYW1l/cy9wcm9kdWN0cy9S/TllNM3k2bjFhc0VQ/WmZfQjJSODVTQmxj/QVFIU1ByY1ZMUnBR/bGl3a0FvLnBuZw,/id-id/xbox-kingdom-come-deliverance-royal-edition-xbox-live-key-global
Resident Evil 3 (Xbox One) Xbox Live Key GLOBAL,"Rp 164.912,85",,,Global,Xbox Live,2194,https://imgproxy.eneba.games/qAO0N4x8spJww63obvsvyKwHK6s5BahlgMHQvCkuf_c/rs:fit:300/ar:1/czM6Ly9wcm9kdWN0/cy5lbmViYS5nYW1l/cy9wcm9kdWN0cy91/RTc4RnJKb0diaUE4/cWNSLW1XYUtmamg2/SV9VUWNKMVFtMG02/cTJsNDV3LmpwZWc,/id-id/xbox-resident-evil-3-xbox-one-xbox-live-key-global
Unity of Command II (PC) Steam Key GLOBAL,"Rp 245.999,00","Rp 52.287,54",-79%,Global,Steam,176,https://imgproxy.eneba.games/uCC2NOOw5t3CYE9vjK26g4o0tCUXnApnpuFqa8O_hw8/rs:fit:300/ar:1/czM6Ly9wcm9kdWN0/cy5lbmViYS5nYW1l/cy9wcm9kdWN0cy82/NmxHVVlldGpBLTRW/NldxR0t6TFNTMjBy/Zl9tU0NxMzhET091/czlNcHY4LnBuZw,/id-id/steam-unity-of-command-ii-pc-steam-key-global
Tinykin (PC) Steam Key GLOBAL,"Rp 206.999,00","Rp 28.603,31",-86%,Global,Steam,1604,https://imgproxy.eneba.games/dQ7IrZnFt58vogIQs_sUhNfXa6KmUlZ73-_0-xPj5Vo/rs:fit:300/ar:1/czM6Ly9wcm9kdWN0/cy5lbmViYS5nYW1l/cy9wcm9kdWN0cy8z/V013bTd3Qjk5RTI4/U3lZWkZxSWxxd0x1/aGlnUDI4U3lDbHI3/VVVwSkFFLmpwZw,/id-id/steam-tinykin-pc-steam-key-global
Metal Gear Solid V: The Definitive Experience Steam Key GLOBAL,"Rp 598.776,87","Rp 400.643,54",-33%,Global,Steam,2667,https://imgproxy.eneba.games/K0JK7Km3LawChBUbMRBVbExtjpd_WvmS3Gq_Z_wnHKo/rs:fit:300/ar:1/czM6Ly9wcm9kdWN0/cy5lbmViYS5nYW1l/cy9wcm9kdWN0cy9p/eWp3dWdmeW1meTNy/NXZ3b2R5bi5qcGc,/id-id/steam-metal-gear-solid-v-the-definitive-experience-steam-key-global-1
Paquerette Down the Bunburrows (PC) Steam Key GLOBAL,"Rp 106.999,00","Rp 20.318,21",-81%,Global,Steam,110,https://imgproxy.eneba.games/EdYehfFSxTIVybk9fsxAvEFRNcdJfAqYwSwdww4TUT8/rs:fit:300/ar:1/czM6Ly9wcm9kdWN0/cy5lbmViYS5nYW1l/cy9wcm9kdWN0cy9X/b0RlQXBHdDJHYVhB/WWl1Ung4OWNudEdL/VE5icnc3ZktmX0ds/aUtYUW5RLnBuZw,/id-id/steam-paquerette-down-the-bunburrows-pc-steam-key-global
Hakuoki: Edo Blossoms Steam Key GLOBAL,"Rp 90.999,00","Rp 47.737,93",-48%,Global,Steam,484,https://imgproxy.eneba.games/d1VuKgg5isFRuI567BeQbVkr1rLFL6BRepBMEC0RRtM/rs:fit:300/ar:1/czM6Ly9wcm9kdWN0/cy5lbmViYS5nYW1l/cy9wcm9kdWN0cy9H/LXF0RzA3N3RUOU00/RVdLRkJ0dU5SU1VT/ek5RMEFSR1dIRnZr/cnEzWms0LmpwZWc,/id-id/steam-hakuoki-edo-blossoms-steam-key-global
eden* Steam Key GLOBAL,"Rp 135.999,00","Rp 66.872,56",-51%,Global,Steam,160,https://imgproxy.eneba.games/zcApHcYBwjo8hMCzR4ThoKnJK058E3hLQea2A1n8mIE/rs:fit:300/ar:1/czM6Ly9wcm9kdWN0/cy5lbmViYS5nYW1l/cy9wcm9kdWN0cy9M/c0VPa00xdFNlVHRZ/LV9qUEVabHVBdHpx/T1ZKRXZxYkp0aERY/RDRxRDBvLmpwZWc,/id-id/steam-eden-steam-key-global
Taiji (PC) Steam Key GLOBAL,"Rp 206.999,00","Rp 14.601,05",-93%,Global,Steam,83,https://imgproxy.eneba.games/O_1xMfGo_SZmlBCgDBJ_qLSa187fewCHLYol-KdV6SU/rs:fit:300/ar:1/czM6Ly9wcm9kdWN0/cy5lbmViYS5nYW1l/cy9wcm9kdWN0cy9h/UE5PVFBVOVdsYVFl/UXB2RzFKaHZlN1RO/blBwOGFoRTFUSzE1/ZFV3dTRjLmpwZw,/id-id/steam-taiji-pc-steam-key-global
Fallout 4 (GOTY) Steam Key GLOBAL,"Rp 1.190.375,40","Rp 168.660,87",-86%,Global,Steam,10599,https://imgproxy.eneba.games/nuaYwe0u_m7TDC5FepRfHDqFVe0TOwyqBS7V5Be6o_E/rs:fit:300/ar:1/czM6Ly9wcm9kdWN0/cy5lbmViYS5nYW1l/cy9wcm9kdWN0cy81/VzFEV2xRLmpwZw,/id-id/steam-fallout-4-goty-steam-key-global
Dark Souls: Remastered Steam Key GLOBAL,"Rp 420.000,00","Rp 297.868,90",-29%,Global,Steam,17567,https://imgproxy.eneba.games/CeAXef0eXCg2step4awFvjImC1YvUEntuD7s5rbh9ds/rs:fit:300/ar:1/czM6Ly9wcm9kdWN0/cy5lbmViYS5nYW1l/cy9wcm9kdWN0cy9T/Vjd0V3k3LmpwZw,/id-id/steam-dark-souls-remastered-steam-key-global
Detroit: Become Human Steam Key GLOBAL,"Rp 399.000,00","Rp 107.508,98",-73%,Global,Steam,20322,https://imgproxy.eneba.games/sYgUATYg8nD3PE0MO62enTwC5DunLc64MffVfnM_8a4/rs:fit:300/ar:1/czM6Ly9wcm9kdWN0/cy5lbmViYS5nYW1l/cy9wcm9kdWN0cy9P/SHdpZ0M5MWJBaGdU/dHJwb2dwLUtTT2Zq/OVhEREJwZnpyWjYz/RkNnWjFZLmpwZw,/id-id/steam-detroit-become-human-steam-key-global
Ghost of Tsushima DIRECTOR'S CUT (PC) Steam Key GLOBAL,"Rp 879.000,00","Rp 516.043,08",-41%,Global,Steam,13683,https://imgproxy.eneba.games/o9jrC0apRbh2JOX3lAZsytqJXgR_1qpCFaA59FYiFkE/rs:fit:300/ar:1/czM6Ly9wcm9kdWN0/cy5lbmViYS5nYW1l/cy9wcm9kdWN0cy9W/ZXBnOWpndGVXUV9S/UDhOVFB2dTZOZTRX/U3pnU0hBVUZZU29R/blI2NE1RLmpwZw,/id-id/steam-ghost-of-tsushima-directors-cut-pc-steam-key-global
Hunt: Showdown 1896 (PC) Steam Key GLOBAL,"Rp 255.000,00","Rp 115.794,07",-55%,Global,Steam,1573,https://imgproxy.eneba.games/gwGYBP8PtAAXxuiFzeBalSiYomS24gk9qGcAtGxWTcY/rs:fit:300/ar:1/czM6Ly9wcm9kdWN0/cy5lbmViYS5nYW1l/cy9wcm9kdWN0cy9H/a3JUWDVJN2Q0dFVE/RDM3WFhhU0JCeHNI/TVFoa0hLX0cxcEFI/ZkVCbHRrLmpwZw,/id-id/steam-hunt-showdown-1896-pc-steam-key-global
Crusader Kings III Steam Key GLOBAL,"Rp 563.999,00","Rp 223.697,57",-60%,Global,Steam,3324,https://imgproxy.eneba.games/DWgHG9xzDlCLWSEyEGAZqiKkIdrPU83lGEsoXSFqQRw/rs:fit:300/ar:1/czM6Ly9wcm9kdWN0/cy5lbmViYS5nYW1l/cy9wcm9kdWN0cy80/anc3NHZpeEFnazM1/eUdoN05SQ0tNTllp/TGNUVnhNdkFwcmxL/V2VHcUQ0LmpwZWc,/id-id/steam-crusader-kings-iii-steam-key-global
LEGO: Marvel Super Heroes Steam Key GLOBAL,"Rp 135.999,00","Rp 27.222,46",-80%,Global,Steam,12914,https://imgproxy.eneba.games/oFyjFNlUY6kefLHfG-Ryt5Y6r4pGZghVD5iSwt7APG0/rs:fit:300/ar:1/czM6Ly9wcm9kdWN0/cy5lbmViYS5nYW1l/cy9wcm9kdWN0cy9v/bXk4Z3JtemVsamMz/MmhmbWRqci5qcGc,/id-id/steam-lego-marvel-super-heroes-steam-key-global
PEAK Steam Key (PC) GLOBAL,"Rp 72.001,42",,,Global,Steam,1559,https://imgproxy.eneba.games/Ca-dIG29MNNLKBDqwf-UQfx5TbizG1yKZ4AooBpQfSk/rs:fit:300/ar:1/czM6Ly9wcm9kdWN0/cy5lbmViYS5nYW1l/cy9wcm9kdWN0cy9R/RzNtVDRKNFlYZGtG/am9KZVA1M1NIcG4t/OVE1UlhMbXhFXzZI/YnVLRzNvLmpwZw,/id-id/steam-peak-steam-key-pc-global
Quarantine Zone: The Last Check Steam Key (PC) GLOBAL,"Rp 251.511,82",,,Global,Steam,991,https://imgproxy.eneba.games/J1MDhbfMnradaJbmsMDdjKobydKIL3fKt0KGSePSVDs/rs:fit:300/ar:1/czM6Ly9wcm9kdWN0/cy5lbmViYS5nYW1l/cy9wcm9kdWN0cy91/MEFZaFNGZDF0dnNa/d1FlRVc2amxRcnVp/X3JuUEZLbzFIMy05/SGQ1MjhjLmpwZw,/id-id/steam-quarantine-zone-the-last-check-steam-key-pc-global
1 Steam Key Random – GOTY – Steam Key GLOBAL,"Rp 54.247,65",,,Global,Random Steam Key,4930,https://imgproxy.eneba.games/i7LD3eGSTOhefMFPMGqFeivZk10SyGeNt3p5HZXx_WE/rs:fit:300/ar:1/czM6Ly9wcm9kdWN0/cy5lbmViYS5nYW1l/cy9wcm9kdWN0cy9E/dGp1VHVVTlhUbWcx/U2xtS0dlU0xwWnVH/YzB6RldWWWFTUHBL/RzhmeWd3LmpwZw,/id-id/steam-1-random-steam-key-goty-steam-key-global
Battlefield 4 : Premium Edition Origin Key GLOBAL,"Rp 775.159,93","Rp 62.335,48",-92%,Global,Origin,3225,https://imgproxy.eneba.games/-kq-VgsxKCxXRSgijeSXzGXLUDbjjLAmibLyjMcohok/rs:fit:300/ar:1/czM6Ly9wcm9kdWN0/cy5lbmViYS5nYW1l/cy9wcm9kdWN0cy9I/eHNrT1Nsek45VEIy/ODN5OVVaYjgtaW1P/eHhSZ01HXzVPREIz/SGxuZHlRLmpwZWc,/id-id/origin-battlefield-4-premium-edition-origin-key-global
Batman: Arkham Asylum (GOTY) Steam Key GLOBAL,"Rp 387.483,05","Rp 35.113,02",-91%,Global,Steam,7458,https://imgproxy.eneba.games/X0na7NFGNjxHeodGfx1xyuBZduyKuogr4r8JL0-EeY4/rs:fit:300/ar:1/czM6Ly9wcm9kdWN0/cy5lbmViYS5nYW1l/cy9wcm9kdWN0cy9Y/elJfNVdZelN4ckRV/V2JYS3djTVJSYXJB/ZEV2MjNiUzZISVZj/b0hLVlpBLmpwZw,/id-id/steam-batman-arkham-asylum-goty-steam-key-global
Forza Horizon 5 PC/XBOX LIVE Key GLOBAL,"Rp 1.356.675,26","Rp 517.029,40",-62%,Global,Xbox Live,9794,https://imgproxy.eneba.games/vgNClViQrBpYQSOmesgl3aQEo1kSOzhUu6fz_Vkplro/rs:fit:300/ar:1/czM6Ly9wcm9kdWN0/cy5lbmViYS5nYW1l/cy9wcm9kdWN0cy9l/V1FjaHNBaXdVQ2No/djFqLVYtUnNqanZr/aUhlX2ptTmJySUJQ/MlFSUFg0LmpwZWc,/id-id/xbox-forza-horizon-5-pc-xbox-live-key-global
GTA V Premium Online Edition & Great White Shark Card Rockstar Games Launcher Key GLOBAL,"Rp 349.354,85",,,Global,Rockstar Games Launcher,11345,https://imgproxy.eneba.games/8t8CjodUP6tJbxN14jcI9sDmn_zyjtOTe_m-9Kj0B1Y/rs:fit:300/ar:1/czM6Ly9wcm9kdWN0/cy5lbmViYS5nYW1l/cy9wcm9kdWN0cy9K/d0Yzd2IxR1pnV21p/OG1ScXFJNHg5V25B/RVFtekZlNDR1S3RO/a05hMkQwLmpwZWc,/id-id/steam-grand-theft-auto-v-premium-online-edition-great-white-shark-card-bundle-rockstar-social-club-key-global
Batman: Arkham Knight (Premium Edition) Steam Key GLOBAL,"Rp 32.154,06",,,Global,Steam,6913,https://imgproxy.eneba.games/zi2uCaiXovBYT58Bbhi80L9164-sV52GVbSyj-OysEo/rs:fit:300/ar:1/czM6Ly9wcm9kdWN0/cy5lbmViYS5nYW1l/cy9wcm9kdWN0cy9V/Q3VqejNVbzJfZmRi/WDBiSkdNU0RqUEZX/ZGtTMUFNak1pTnh1/RHhlREYwLmpwZw,/id-id/steam-batman-arkham-knight-premium-edition-steam-key-global
GTA IV: Complete Edition Rockstar Games Launcher Key GLOBAL,"Rp 400.727,23","Rp 125.854,54",-69%,Global,Rockstar Games Launcher,7794,https://imgproxy.eneba.games/ZZkdDq3tXkZ08BYoCgjDNGvJTEHL6d9DiWcFSOMfUGo/rs:fit:300/ar:1/czM6Ly9wcm9kdWN0/cy5lbmViYS5nYW1l/cy9wcm9kdWN0cy8w/OHVSMjE1Sm1URl84/UmNNTmxEQThyVjND/RGI1eDhNUVdTMGdC/cTJDeVBnLmpwZw,/id-id/rockstar-social-club-grand-theft-auto-iv-complete-edition-rockstar-games-launcher-key-global
